<?xml version="1.0" encoding="UTF-8"?>
<project-private xmlns="http://www.netbeans.org/ns/project-private/1">
    <editor-bookmarks xmlns="http://www.netbeans.org/ns/editor-bookmarks/2" lastBookmarkId="0"/>
    <open-files xmlns="http://www.netbeans.org/ns/projectui-open-files/2">
        <group>
            <file>file:/C:/Users/anoni/OneDrive/Documentos/NetBeansProjects/Questões%20cap%203/src/QuestoesCap3/questao6.java</file>
            <file>file:/C:/Users/anoni/OneDrive/Documentos/NetBeansProjects/Questões%20cap%203/src/QuestoesCap3/questao10.java</file>
            <file>file:/C:/Users/anoni/OneDrive/Documentos/NetBeansProjects/Questões%20cap%203/src/QuestoesCap3/questao9.java</file>
            <file>file:/C:/Users/anoni/OneDrive/Documentos/NetBeansProjects/Questões%20cap%203/src/QuestoesCap3/questao3.java</file>
            <file>file:/C:/Users/anoni/OneDrive/Documentos/NetBeansProjects/Questões%20cap%203/src/QuestoesCap3/questao13.java</file>
            <file>file:/C:/Users/anoni/OneDrive/Documentos/NetBeansProjects/Questões%20cap%203/src/QuestoesCap3/questao15.java</file>
            <file>file:/C:/Users/anoni/OneDrive/Documentos/NetBeansProjects/Questões%20cap%203/src/QuestoesCap3/questao1.java</file>
            <file>file:/C:/Users/anoni/OneDrive/Documentos/NetBeansProjects/Questões%20cap%203/src/QuestoesCap3/questao4.java</file>
            <file>file:/C:/Users/anoni/OneDrive/Documentos/NetBeansProjects/Questões%20cap%203/src/QuestoesCap3/Questão23.java</file>
            <file>file:/C:/Users/anoni/OneDrive/Documentos/NetBeansProjects/Questões%20cap%203/src/QuestoesCap3/Questão20.java</file>
            <file>file:/C:/Users/anoni/OneDrive/Documentos/NetBeansProjects/Questões%20cap%203/src/QuestoesCap3/questao14.java</file>
            <file>file:/C:/Users/anoni/OneDrive/Documentos/NetBeansProjects/Questões%20cap%203/src/QuestoesCap3/questao22.java</file>
            <file>file:/C:/Users/anoni/OneDrive/Documentos/NetBeansProjects/Questões%20cap%203/src/QuestoesCap3/questao7.java</file>
            <file>file:/C:/Users/anoni/OneDrive/Documentos/NetBeansProjects/Questões%20cap%203/src/QuestoesCap3/questao11.java</file>
            <file>file:/C:/Users/anoni/OneDrive/Documentos/NetBeansProjects/Questões%20cap%203/src/QuestoesCap3/Questão19.java</file>
            <file>file:/C:/Users/anoni/OneDrive/Documentos/NetBeansProjects/Questões%20cap%203/src/QuestoesCap3/Questão21.java</file>
            <file>file:/C:/Users/anoni/OneDrive/Documentos/NetBeansProjects/Questões%20cap%203/src/QuestoesCap3/Questão24.java</file>
            <file>file:/C:/Users/anoni/OneDrive/Documentos/NetBeansProjects/Questões%20cap%203/src/QuestoesCap3/Questão16.java</file>
            <file>file:/C:/Users/anoni/OneDrive/Documentos/NetBeansProjects/Questões%20cap%203/src/QuestoesCap3/questao17.java</file>
            <file>file:/C:/Users/anoni/OneDrive/Documentos/NetBeansProjects/Questões%20cap%203/src/QuestoesCap3/questao12.java</file>
            <file>file:/C:/Users/anoni/OneDrive/Documentos/NetBeansProjects/Questões%20cap%203/src/QuestoesCap3/Questão18.java</file>
            <file>file:/C:/Users/anoni/OneDrive/Documentos/NetBeansProjects/Questões%20cap%203/src/QuestoesCap3/questao8.java</file>
            <file>file:/C:/Users/anoni/OneDrive/Documentos/NetBeansProjects/Questões%20cap%203/src/QuestoesCap3/questao2.java</file>
            <file>file:/C:/Users/anoni/OneDrive/Documentos/NetBeansProjects/Questões%20cap%203/src/QuestoesCap3/Questão25.java</file>
            <file>file:/C:/Users/anoni/OneDrive/Documentos/NetBeansProjects/Questões%20cap%203/src/QuestoesCap3/questao5.java</file>
            <file>file:/C:/Users/anoni/OneDrive/Documentos/NetBeansProjects/Questões%20cap%203/src/QuestoesCap3/questao16.java</file>
        </group>
    </open-files>
</project-private>
